"company","name","email","website","subject","message","status"
"Progressive","","info@progressive-am.com","https://progressive-am.com/","how do you handle violation tracking?","Hey,

Found Progressive while looking into firms managing communities on the West Coast — reached out because I had a genuine question.

How does your team currently deal with violation management across multiple HOAs? Specifically the documentation side — keeping records, following up, making sure nothing gets dropped.

We built something that a few management firms have been using to clean that up. Some were doing it in spreadsheets, some in email, some in a mix of both. Not here to pitch hard — just wanted to see if it's a headache you're familiar with.

Let me know if it's worth talking.

Alex
Gray Horizons Enterprise
grayhorizonsenterprise.com","pending"
"HOA & Condominium Management","","abrumbalow@associa.us","https://www.pcminternet.com/","quick question about your workflow","Hey,

Found HOA & Condominium Management while looking into firms managing communities on the West Coast — reached out because I had a genuine question.

How does your team currently deal with violation management across multiple HOAs? Specifically the documentation side — keeping records, following up, making sure nothing gets dropped.

We built something that a few management firms have been using to clean that up. Some were doing it in spreadsheets, some in email, some in a mix of both. Not here to pitch hard — just wanted to see if it's a headache you're familiar with.

Let me know if it's worth talking.

Alex
Gray Horizons Enterprise
grayhorizonsenterprise.com","pending"
"San Francisco Bay Area Management of","","info@hoasmanagement.com","https://hoasmanagement.com/","how does your team handle this?","Hi there,

I noticed your firm while doing some research on HOA management firms and wanted to shoot you a quick note.

How are you guys currently handling violation notices and compliance documentation across your communities? I ask because it's one of those things that sounds simple but gets messy fast once you're managing more than a handful of associations.

We've been helping firms like yours get that process a lot tighter — nothing complicated, just a cleaner way to track things end to end.

Worth a 15-minute call if that's something you're actively dealing with. No pressure either way.

Alex
Gray Horizons Enterprise
grayhorizonsenterprise.com","pending"
"CAI San Diego","","executivedirector@cai-sd.org","https://cai-sd.org/community-managers/","how do you handle violation tracking?","Hey,

Found CAI San Diego while looking into firms managing communities on the West Coast — reached out because I had a genuine question.

How does your team currently deal with violation management across multiple HOAs? Specifically the documentation side — keeping records, following up, making sure nothing gets dropped.

We built something that a few management firms have been using to clean that up. Some were doing it in spreadsheets, some in email, some in a mix of both. Not here to pitch hard — just wanted to see if it's a headache you're familiar with.

Let me know if it's worth talking.

Alex
Gray Horizons Enterprise
grayhorizonsenterprise.com","pending"
"Explore Expert HOA Solutions","","customerservice@aperionmgmt.com","https://www.aperionmgmt.com/","saw your firm — quick question","Hi,

Quick one — how does Explore Expert HOA Solutions handle it when a community board flags a violation? Is there a system in place or is it mostly managed through email and manual follow-up?

I work with HOA management firms to tighten up that process, specifically around tracking and documentation so things don't fall through the cracks between the board and the management team.

If that's something you're still piecing together, I'd love to show you what we've built. Takes about 10 minutes to see if it's even relevant to how you operate.

Alex
Gray Horizons Enterprise
grayhorizonsenterprise.com","pending"
"Blue Mountain Community","","info@bluemountaincommunity.com","https://www.bluemountaincommunity.com/","saw your firm — quick question","Hi,

Quick one — how does Blue Mountain Community handle it when a community board flags a violation? Is there a system in place or is it mostly managed through email and manual follow-up?

I work with HOA management firms to tighten up that process, specifically around tracking and documentation so things don't fall through the cracks between the board and the management team.

If that's something you're still piecing together, I'd love to show you what we've built. Takes about 10 minutes to see if it's even relevant to how you operate.

Alex
Gray Horizons Enterprise
grayhorizonsenterprise.com","pending"
"FullManagementService","","info@trestlecm.com","https://www.trestlecm.com/full-hoa-management/","how does your team handle this?","Hey,

Found your firm while looking into firms managing communities on the West Coast — reached out because I had a genuine question.

How does your team currently deal with violation management across multiple HOAs? Specifically the documentation side — keeping records, following up, making sure nothing gets dropped.

We built something that a few management firms have been using to clean that up. Some were doing it in spreadsheets, some in email, some in a mix of both. Not here to pitch hard — just wanted to see if it's a headache you're familiar with.

Let me know if it's worth talking.

Alex
Gray Horizons Enterprise
grayhorizonsenterprise.com","pending"
"Clone","","contact@dcpropertymanager.com","https://rentalchoice.com/rental-management-company/clone-of-agon-property-management/","how does your team handle this?","Hi there,

I noticed Clone while doing some research on HOA management firms and wanted to shoot you a quick note.

How are you guys currently handling violation notices and compliance documentation across your communities? I ask because it's one of those things that sounds simple but gets messy fast once you're managing more than a handful of associations.

We've been helping firms like yours get that process a lot tighter — nothing complicated, just a cleaner way to track things end to end.

Worth a 15-minute call if that's something you're actively dealing with. No pressure either way.

Alex
Gray Horizons Enterprise
grayhorizonsenterprise.com","pending"
"Reasons to Partner With AHOAand","","nexttnews@gmail.com","https://dailyorbitnews.com/top-reasons-to-partner-with-a-hoa-and-property-management-company/","saw your firm — quick question","Hi there,

I noticed Reasons to Partner With AHOAand while doing some research on HOA management firms and wanted to shoot you a quick note.

How are you guys currently handling violation notices and compliance documentation across your communities? I ask because it's one of those things that sounds simple but gets messy fast once you're managing more than a handful of associations.

We've been helping firms like yours get that process a lot tighter — nothing complicated, just a cleaner way to track things end to end.

Worth a 15-minute call if that's something you're actively dealing with. No pressure either way.

Alex
Gray Horizons Enterprise
grayhorizonsenterprise.com","pending"
"Active Adult & 55+","","contact@gordonjamesrealty.com","https://www.gordonjamesrealty.com/services/active-adult-55-plus-community-association-management","quick question about your workflow","Hey,

Found Active Adult & 55+ while looking into firms managing communities on the West Coast — reached out because I had a genuine question.

How does your team currently deal with violation management across multiple HOAs? Specifically the documentation side — keeping records, following up, making sure nothing gets dropped.

We built something that a few management firms have been using to clean that up. Some were doing it in spreadsheets, some in email, some in a mix of both. Not here to pitch hard — just wanted to see if it's a headache you're familiar with.

Let me know if it's worth talking.

Alex
Gray Horizons Enterprise
grayhorizonsenterprise.com","pending"
"Associa Sierra North","","emaciel@associasn.com","https://www.associasn.com/","saw your firm — quick question","Hey,

Found Associa Sierra North while looking into firms managing communities on the West Coast — reached out because I had a genuine question.

How does your team currently deal with violation management across multiple HOAs? Specifically the documentation side — keeping records, following up, making sure nothing gets dropped.

We built something that a few management firms have been using to clean that up. Some were doing it in spreadsheets, some in email, some in a mix of both. Not here to pitch hard — just wanted to see if it's a headache you're familiar with.

Let me know if it's worth talking.

Alex
Gray Horizons Enterprise
grayhorizonsenterprise.com","pending"
"Prospective Companies","","info@capstonetriad.com","https://capstonetriad.com/prospective-hoa-property-management-companies/","saw your firm — quick question","Hey,

Reached out because I came across Prospective Companies and it looked like you guys are running a real operation — wanted to ask a direct question.

When your team gets a violation report or a compliance issue from one of your HOAs, where does it live? Email inbox, shared doc, some software? Or is it still kind of scattered depending on who's handling it?

We work with management firms that were dealing with exactly that and helped them get it centralized. Not trying to sell you anything today — just genuinely wanted to know if it's on your radar.

Happy to show you what it looks like if you're curious.

Alex
Gray Horizons Enterprise
grayhorizonsenterprise.com","pending"
"NevadaAssociationCID","","mary@adept-mgt.com","http://condobiz.com/nevada/management.htm","quick question about your workflow","Hey,

Came across your firm and wanted to reach out directly.

I'm curious — when a homeowner submits a violation or complaint, how does your team keep track of it from that first report all the way to resolution? Still email threads, or do you have something built out?

Reason I'm asking is we work with a few HOA firms and that handoff tends to be where things fall through. We put together something pretty simple that keeps it all in one place, and I wanted to see if it's even a problem you're running into.

Either way, happy to chat if it's relevant.

Alex
Gray Horizons Enterprise
grayhorizonsenterprise.com","pending"
"Associa","","claudia.oberthier@associa.us","https://www.associaarizona.com/","how does your team handle this?","Hi there,

I noticed Associa while doing some research on HOA management firms and wanted to shoot you a quick note.

How are you guys currently handling violation notices and compliance documentation across your communities? I ask because it's one of those things that sounds simple but gets messy fast once you're managing more than a handful of associations.

We've been helping firms like yours get that process a lot tighter — nothing complicated, just a cleaner way to track things end to end.

Worth a 15-minute call if that's something you're actively dealing with. No pressure either way.

Alex
Gray Horizons Enterprise
grayhorizonsenterprise.com","pending"
"HOALiving","","manager@hoaliving.com","https://www.hoaliving.com/utah/","how does your team handle this?","Hi,

Quick one — how does HOALiving handle it when a community board flags a violation? Is there a system in place or is it mostly managed through email and manual follow-up?

I work with HOA management firms to tighten up that process, specifically around tracking and documentation so things don't fall through the cracks between the board and the management team.

If that's something you're still piecing together, I'd love to show you what we've built. Takes about 10 minutes to see if it's even relevant to how you operate.

Alex
Gray Horizons Enterprise
grayhorizonsenterprise.com","pending"
"PMP Management","","care@pmpmanage.com","https://pmpmanage.com/utah/","had a question about PMP Management","Hi,

Quick one — how does PMP Management handle it when a community board flags a violation? Is there a system in place or is it mostly managed through email and manual follow-up?

I work with HOA management firms to tighten up that process, specifically around tracking and documentation so things don't fall through the cracks between the board and the management team.

If that's something you're still piecing together, I'd love to show you what we've built. Takes about 10 minutes to see if it's even relevant to how you operate.

Alex
Gray Horizons Enterprise
grayhorizonsenterprise.com","pending"
"Community Dynamics","","Support@CommunityDynamics.com","https://communitydynamics.com/","had a question about Community Dynamics","Hey,

Came across Community Dynamics and wanted to reach out directly.

I'm curious — when a homeowner submits a violation or complaint, how does your team keep track of it from that first report all the way to resolution? Still email threads, or do you have something built out?

Reason I'm asking is we work with a few HOA firms and that handoff tends to be where things fall through. We put together something pretty simple that keeps it all in one place, and I wanted to see if it's even a problem you're running into.

Either way, happy to chat if it's relevant.

Alex
Gray Horizons Enterprise
grayhorizonsenterprise.com","pending"
"Associa Colorado","","customerservice@associacolorado.com","https://www.associacolorado.com/","had a question about Associa Colorado","Hey,

Came across Associa Colorado and wanted to reach out directly.

I'm curious — when a homeowner submits a violation or complaint, how does your team keep track of it from that first report all the way to resolution? Still email threads, or do you have something built out?

Reason I'm asking is we work with a few HOA firms and that handoff tends to be where things fall through. We put together something pretty simple that keeps it all in one place, and I wanted to see if it's even a problem you're running into.

Either way, happy to chat if it's relevant.

Alex
Gray Horizons Enterprise
grayhorizonsenterprise.com","pending"
"Colorado & Arizona","","clientservices@advancehoa.com","https://www.advancehoa.com/","quick question about your workflow","Hi,

Quick one — how does Colorado & Arizona handle it when a community board flags a violation? Is there a system in place or is it mostly managed through email and manual follow-up?

I work with HOA management firms to tighten up that process, specifically around tracking and documentation so things don't fall through the cracks between the board and the management team.

If that's something you're still piecing together, I'd love to show you what we've built. Takes about 10 minutes to see if it's even relevant to how you operate.

Alex
Gray Horizons Enterprise
grayhorizonsenterprise.com","pending"
"Brightstar Management Group","","hello@brightstarcolorado.com","https://brightstarhoa.com/","how does your team handle this?","Hey,

Reached out because I came across Brightstar Management Group and it looked like you guys are running a real operation — wanted to ask a direct question.

When your team gets a violation report or a compliance issue from one of your HOAs, where does it live? Email inbox, shared doc, some software? Or is it still kind of scattered depending on who's handling it?

We work with management firms that were dealing with exactly that and helped them get it centralized. Not trying to sell you anything today — just genuinely wanted to know if it's on your radar.

Happy to show you what it looks like if you're curious.

Alex
Gray Horizons Enterprise
grayhorizonsenterprise.com","pending"
"Idaho AMS","","cheramy@idahoams.com","https://idahoams.net/","quick question about your workflow","Hey,

Reached out because I came across Idaho AMS and it looked like you guys are running a real operation — wanted to ask a direct question.

When your team gets a violation report or a compliance issue from one of your HOAs, where does it live? Email inbox, shared doc, some software? Or is it still kind of scattered depending on who's handling it?

We work with management firms that were dealing with exactly that and helped them get it centralized. Not trying to sell you anything today — just genuinely wanted to know if it's on your radar.

Happy to show you what it looks like if you're curious.

Alex
Gray Horizons Enterprise
grayhorizonsenterprise.com","pending"
"OverwatchManagement- Idaho","","mail@managebuilding.com","https://www.overwatch208.com/","saw your firm — quick question","Hey,

Reached out because I came across your firm and it looked like you guys are running a real operation — wanted to ask a direct question.

When your team gets a violation report or a compliance issue from one of your HOAs, where does it live? Email inbox, shared doc, some software? Or is it still kind of scattered depending on who's handling it?

We work with management firms that were dealing with exactly that and helped them get it centralized. Not trying to sell you anything today — just genuinely wanted to know if it's on your radar.

Happy to show you what it looks like if you're curious.

Alex
Gray Horizons Enterprise
grayhorizonsenterprise.com","pending"
"Realty AssetManagement, Inc. Boise ID","","tlc@ramidaho.com","https://ramidaho.com/","had a question about your firm","Hey,

Came across your firm and wanted to reach out directly.

I'm curious — when a homeowner submits a violation or complaint, how does your team keep track of it from that first report all the way to resolution? Still email threads, or do you have something built out?

Reason I'm asking is we work with a few HOA firms and that handoff tends to be where things fall through. We put together something pretty simple that keeps it all in one place, and I wanted to see if it's even a problem you're running into.

Either way, happy to chat if it's relevant.

Alex
Gray Horizons Enterprise
grayhorizonsenterprise.com","pending"
"Community and","","info@rtepropertygroup.com","https://www.rtepropertygroup.com/association","how do you handle violation tracking?","Hey,

Came across Community and and wanted to reach out directly.

I'm curious — when a homeowner submits a violation or complaint, how does your team keep track of it from that first report all the way to resolution? Still email threads, or do you have something built out?

Reason I'm asking is we work with a few HOA firms and that handoff tends to be where things fall through. We put together something pretty simple that keeps it all in one place, and I wanted to see if it's even a problem you're running into.

Either way, happy to chat if it's relevant.

Alex
Gray Horizons Enterprise
grayhorizonsenterprise.com","pending"
"HOA, COA and Condo Owners","","help@infinitemontana.com","https://www.infinitemt.com/coa-management","quick question about your workflow","Hi,

Quick one — how does HOA, COA and Condo Owners handle it when a community board flags a violation? Is there a system in place or is it mostly managed through email and manual follow-up?

I work with HOA management firms to tighten up that process, specifically around tracking and documentation so things don't fall through the cracks between the board and the management team.

If that's something you're still piecing together, I'd love to show you what we've built. Takes about 10 minutes to see if it's even relevant to how you operate.

Alex
Gray Horizons Enterprise
grayhorizonsenterprise.com","pending"
"Corder & Company","","jack@corderandcompany.com","https://www.corderandcompany.com/association-management","how do you handle violation tracking?","Hey,

Reached out because I came across Corder & Company and it looked like you guys are running a real operation — wanted to ask a direct question.

When your team gets a violation report or a compliance issue from one of your HOAs, where does it live? Email inbox, shared doc, some software? Or is it still kind of scattered depending on who's handling it?

We work with management firms that were dealing with exactly that and helped them get it centralized. Not trying to sell you anything today — just genuinely wanted to know if it's on your radar.

Happy to show you what it looks like if you're curious.

Alex
Gray Horizons Enterprise
grayhorizonsenterprise.com","pending"
"Associa Canyon Gate","","keggleston@cgres.com","https://www.cgres.com/","saw your firm — quick question","Hey,

Reached out because I came across Associa Canyon Gate and it looked like you guys are running a real operation — wanted to ask a direct question.

When your team gets a violation report or a compliance issue from one of your HOAs, where does it live? Email inbox, shared doc, some software? Or is it still kind of scattered depending on who's handling it?

We work with management firms that were dealing with exactly that and helped them get it centralized. Not trying to sell you anything today — just genuinely wanted to know if it's on your radar.

Happy to show you what it looks like if you're curious.

Alex
Gray Horizons Enterprise
grayhorizonsenterprise.com","pending"
"Associa Northern California","","jjabali@associanortherncalifornia.com","https://www.associanortherncalifornia.com/","how does your team handle this?","Hi there,

I noticed Associa Northern California while doing some research on HOA management firms and wanted to shoot you a quick note.

How are you guys currently handling violation notices and compliance documentation across your communities? I ask because it's one of those things that sounds simple but gets messy fast once you're managing more than a handful of associations.

We've been helping firms like yours get that process a lot tighter — nothing complicated, just a cleaner way to track things end to end.

Worth a 15-minute call if that's something you're actively dealing with. No pressure either way.

Alex
Gray Horizons Enterprise
grayhorizonsenterprise.com","pending"
"HOA Co-op Management","","info@hoaunlimited.com","https://www.hoaunlimited.com/co-op-management","quick question about your workflow","Hey,

Came across HOA Co-op Management and wanted to reach out directly.

I'm curious — when a homeowner submits a violation or complaint, how does your team keep track of it from that first report all the way to resolution? Still email threads, or do you have something built out?

Reason I'm asking is we work with a few HOA firms and that handoff tends to be where things fall through. We put together something pretty simple that keeps it all in one place, and I wanted to see if it's even a problem you're running into.

Either way, happy to chat if it's relevant.

Alex
Gray Horizons Enterprise
grayhorizonsenterprise.com","pending"
"ASPM San Diego","","info@aspm-sd.com","https://www.aspm-sandiego.com/","had a question about ASPM San Diego","Hey,

Came across ASPM San Diego and wanted to reach out directly.

I'm curious — when a homeowner submits a violation or complaint, how does your team keep track of it from that first report all the way to resolution? Still email threads, or do you have something built out?

Reason I'm asking is we work with a few HOA firms and that handoff tends to be where things fall through. We put together something pretty simple that keeps it all in one place, and I wanted to see if it's even a problem you're running into.

Either way, happy to chat if it's relevant.

Alex
Gray Horizons Enterprise
grayhorizonsenterprise.com","pending"
"Testimonials","","info@sacmgmt.net","https://www.sacmgmt.net/testimonials","saw your firm — quick question","Hey,

Reached out because I came across Testimonials and it looked like you guys are running a real operation — wanted to ask a direct question.

When your team gets a violation report or a compliance issue from one of your HOAs, where does it live? Email inbox, shared doc, some software? Or is it still kind of scattered depending on who's handling it?

We work with management firms that were dealing with exactly that and helped them get it centralized. Not trying to sell you anything today — just genuinely wanted to know if it's on your radar.

Happy to show you what it looks like if you're curious.

Alex
Gray Horizons Enterprise
grayhorizonsenterprise.com","pending"
"Portland , Portland","","Advertising@PropMhomes.com","https://www.propmhomes.com/portland-hoa-management","saw your firm — quick question","Hi there,

I noticed Portland , Portland while doing some research on HOA management firms and wanted to shoot you a quick note.

How are you guys currently handling violation notices and compliance documentation across your communities? I ask because it's one of those things that sounds simple but gets messy fast once you're managing more than a handful of associations.

We've been helping firms like yours get that process a lot tighter — nothing complicated, just a cleaner way to track things end to end.

Worth a 15-minute call if that's something you're actively dealing with. No pressure either way.

Alex
Gray Horizons Enterprise
grayhorizonsenterprise.com","pending"
"Associa EMB Management","","customerservice@embmanagement.com","https://www.embmanagement.com/","saw your firm — quick question","Hi there,

I noticed Associa EMB Management while doing some research on HOA management firms and wanted to shoot you a quick note.

How are you guys currently handling violation notices and compliance documentation across your communities? I ask because it's one of those things that sounds simple but gets messy fast once you're managing more than a handful of associations.

We've been helping firms like yours get that process a lot tighter — nothing complicated, just a cleaner way to track things end to end.

Worth a 15-minute call if that's something you're actively dealing with. No pressure either way.

Alex
Gray Horizons Enterprise
grayhorizonsenterprise.com","pending"
"Homeowners Association and","","services@propvivo.com","https://www.propvivo.com/","how do you handle violation tracking?","Hey,

Reached out because I came across Homeowners Association and and it looked like you guys are running a real operation — wanted to ask a direct question.

When your team gets a violation report or a compliance issue from one of your HOAs, where does it live? Email inbox, shared doc, some software? Or is it still kind of scattered depending on who's handling it?

We work with management firms that were dealing with exactly that and helped them get it centralized. Not trying to sell you anything today — just genuinely wanted to know if it's on your radar.

Happy to show you what it looks like if you're curious.

Alex
Gray Horizons Enterprise
grayhorizonsenterprise.com","pending"
"EnrichingHOA","","jeff@pmicascade.com","https://www.tacoma-propertymanagementinc.com/blog/home-owners-association-property-manager-enriching-hoa-communities-with-expertise","quick question about your workflow","Hi there,

I noticed your firm while doing some research on HOA management firms and wanted to shoot you a quick note.

How are you guys currently handling violation notices and compliance documentation across your communities? I ask because it's one of those things that sounds simple but gets messy fast once you're managing more than a handful of associations.

We've been helping firms like yours get that process a lot tighter — nothing complicated, just a cleaner way to track things end to end.

Worth a 15-minute call if that's something you're actively dealing with. No pressure either way.

Alex
Gray Horizons Enterprise
grayhorizonsenterprise.com","pending"
"Clark Simson Miller","","help@csmhoa.com","https://clarksimsonmiller.com/spokane-wa-hoa-management/","had a question about Clark Simson Miller","Hey,

Came across Clark Simson Miller and wanted to reach out directly.

I'm curious — when a homeowner submits a violation or complaint, how does your team keep track of it from that first report all the way to resolution? Still email threads, or do you have something built out?

Reason I'm asking is we work with a few HOA firms and that handoff tends to be where things fall through. We put together something pretty simple that keeps it all in one place, and I wanted to see if it's even a problem you're running into.

Either way, happy to chat if it's relevant.

Alex
Gray Horizons Enterprise
grayhorizonsenterprise.com","pending"
"Spokane Valley, Washington","","inquiry@PonderosaCM.com","https://www.ponderosacm.com/","quick question about your workflow","Hey,

Found Spokane Valley, Washington while looking into firms managing communities on the West Coast — reached out because I had a genuine question.

How does your team currently deal with violation management across multiple HOAs? Specifically the documentation side — keeping records, following up, making sure nothing gets dropped.

We built something that a few management firms have been using to clean that up. Some were doing it in spreadsheets, some in email, some in a mix of both. Not here to pitch hard — just wanted to see if it's a headache you're familiar with.

Let me know if it's worth talking.

Alex
Gray Horizons Enterprise
grayhorizonsenterprise.com","pending"
"Las Vegas","","customerservice@amgrouplv.com","https://amgrouplv.com/","how does your team handle this?","Hi,

Quick one — how does Las Vegas handle it when a community board flags a violation? Is there a system in place or is it mostly managed through email and manual follow-up?

I work with HOA management firms to tighten up that process, specifically around tracking and documentation so things don't fall through the cracks between the board and the management team.

If that's something you're still piecing together, I'd love to show you what we've built. Takes about 10 minutes to see if it's even relevant to how you operate.

Alex
Gray Horizons Enterprise
grayhorizonsenterprise.com","pending"
"Associa Nevada South","","emaciel@associasn.com","https://www.associans.com/","saw your firm — quick question","Hi there,

I noticed Associa Nevada South while doing some research on HOA management firms and wanted to shoot you a quick note.

How are you guys currently handling violation notices and compliance documentation across your communities? I ask because it's one of those things that sounds simple but gets messy fast once you're managing more than a handful of associations.

We've been helping firms like yours get that process a lot tighter — nothing complicated, just a cleaner way to track things end to end.

Worth a 15-minute call if that's something you're actively dealing with. No pressure either way.

Alex
Gray Horizons Enterprise
grayhorizonsenterprise.com","pending"
"Tahoe Area","","info@granitepeakmanagement.com","https://www.granitepeakmanagement.com/","how does your team handle this?","Hi,

Quick one — how does Tahoe Area handle it when a community board flags a violation? Is there a system in place or is it mostly managed through email and manual follow-up?

I work with HOA management firms to tighten up that process, specifically around tracking and documentation so things don't fall through the cracks between the board and the management team.

If that's something you're still piecing together, I'd love to show you what we've built. Takes about 10 minutes to see if it's even relevant to how you operate.

Alex
Gray Horizons Enterprise
grayhorizonsenterprise.com","pending"
"A2Z Properties","","info@a2zrepm.com","https://www.a2zrepm.com/salt-lake-city-hoa-management","quick question about your workflow","Hey,

Found A2Z Properties while looking into firms managing communities on the West Coast — reached out because I had a genuine question.

How does your team currently deal with violation management across multiple HOAs? Specifically the documentation side — keeping records, following up, making sure nothing gets dropped.

We built something that a few management firms have been using to clean that up. Some were doing it in spreadsheets, some in email, some in a mix of both. Not here to pitch hard — just wanted to see if it's a headache you're familiar with.

Let me know if it's worth talking.

Alex
Gray Horizons Enterprise
grayhorizonsenterprise.com","pending"
"West Coast Management & Realty Inc.","","service@wcmanagement.info","https://www.wcmanagement.info/","quick question about your workflow","Hey,

Came across your firm and wanted to reach out directly.

I'm curious — when a homeowner submits a violation or complaint, how does your team keep track of it from that first report all the way to resolution? Still email threads, or do you have something built out?

Reason I'm asking is we work with a few HOA firms and that handoff tends to be where things fall through. We put together something pretty simple that keeps it all in one place, and I wanted to see if it's even a problem you're running into.

Either way, happy to chat if it's relevant.

Alex
Gray Horizons Enterprise
grayhorizonsenterprise.com","pending"
"Home Owners Management Co.","","wecare@hmcpm.com","https://hmcpm.com/","saw your firm — quick question","Hey,

Found Home Owners Management Co. while looking into firms managing communities on the West Coast — reached out because I had a genuine question.

How does your team currently deal with violation management across multiple HOAs? Specifically the documentation side — keeping records, following up, making sure nothing gets dropped.

We built something that a few management firms have been using to clean that up. Some were doing it in spreadsheets, some in email, some in a mix of both. Not here to pitch hard — just wanted to see if it's a headache you're familiar with.

Let me know if it's worth talking.

Alex
Gray Horizons Enterprise
grayhorizonsenterprise.com","pending"
"Truth be Told","","mia@truthbetoldmgmt.com","https://truthbetoldmgmt.com/","saw your firm — quick question","Hey,

Came across Truth be Told and wanted to reach out directly.

I'm curious — when a homeowner submits a violation or complaint, how does your team keep track of it from that first report all the way to resolution? Still email threads, or do you have something built out?

Reason I'm asking is we work with a few HOA firms and that handoff tends to be where things fall through. We put together something pretty simple that keeps it all in one place, and I wanted to see if it's even a problem you're running into.

Either way, happy to chat if it's relevant.

Alex
Gray Horizons Enterprise
grayhorizonsenterprise.com","pending"
