domain,niche,company
associa.com,hoa,Associa
fsresidential.com,hoa,FirstService Residential
ccmcnet.com,hoa,CCMC
keystonepacific.com,hoa,Keystone Pacific
seabreezecm.com,hoa,Seabreeze Management
realmanage.com,hoa,RealManage
spectrumam.com,hoa,Spectrum Association Management
castlegroup.com,hoa,Castle Group
sentrymgt.com,hoa,Sentry Management
kwpm.com,hoa,KW Property Management
ghertner.com,hoa,Ghertner and Company
pegasusresidential.com,hoa,Pegasus Residential
excelamgroup.com,hoa,Excel Association Management
condominiumassociates.com,hoa,Condominium Associates
gradymanagement.com,hoa,Grady Management
ppminc.com,hoa,PPM Inc
vanguardmanagementgroup.com,hoa,Vanguard Management Group
townsquaremanagement.com,hoa,Town Square Management
ciramail.com,hoa,CIRA
glenislemanagement.com,hoa,Glen Isle Management
aireserv.com,hvac,Aire Serv
onehourheatandair.com,hvac,One Hour Heating and Air
serviceexperts.com,hvac,Service Experts
comfortsystems.com,hvac,Comfort Systems USA
andersonair.com,hvac,Anderson Air
baggettcooling.com,hvac,Baggett Heating and Cooling
climatedoctors.com,hvac,Climate Doctors
beehiveac.com,hvac,Beehive Air Conditioning
airriteairconditioning.com,hvac,Air Rite Air Conditioning
petrosheating.com,hvac,Petros Heating and Cooling
dayandnite.net,hvac,Day and Nite Plumbing and Heating
coolrayhvac.com,hvac,Cool Ray Heating and Air
comfortairco.com,hvac,Comfort Air
familyhvac.com,hvac,Family Heating and Air
brookstonehvac.com,hvac,Brookstone HVAC
advancedroofing.com,roofing,Advanced Roofing
atlasroofing.com,roofing,Atlas Roofing
capitalroofing.com,roofing,Capital Roofing
certifiedroofing.com,roofing,Certified Roofing
peakperformanceroofing.com,roofing,Peak Performance Roofing
buildingstarsroofing.com,roofing,Building Stars Roofing
eagleroofing.com,roofing,Eagle Roofing
sunstateroofing.com,roofing,Sun State Roofing
primetimeroofing.com,roofing,Prime Time Roofing
firstchoiceroofing.com,roofing,First Choice Roofing
abcplumbing.com,plumbing,ABC Plumbing
aceplumbing.com,plumbing,Ace Plumbing
actionplumbing.com,plumbing,Action Plumbing
allcityplumbing.com,plumbing,All City Plumbing
americanplumbing.com,plumbing,American Plumbing
anytimeplumbing.com,plumbing,Anytime Plumbing
apolloplumbing.com,plumbing,Apollo Plumbing
arrowplumbing.com,plumbing,Arrow Plumbing
bluediamondplumbing.com,plumbing,Blue Diamond Plumbing
bonnevilleplumbing.com,plumbing,Bonneville Plumbing
classicplumbing.com,plumbing,Classic Plumbing
cologuardplumbing.com,plumbing,Cologuard Plumbing
deltaresidential.com,plumbing,Delta Residential Plumbing
eastsideplumbing.com,plumbing,East Side Plumbing
goteraplumbing.com,plumbing,Gotera Plumbing
greatlakesplumbing.com,landscaping,Great Lakes Plumbing
acculawn.com,landscaping,Accu-Lawn
greenmasterslawn.com,landscaping,Green Masters Lawn
elitelawnpros.com,landscaping,Elite Lawn Pros
springgreenfranchise.com,landscaping,Spring Green Lawn Care
grasrootslandscaping.com,landscaping,Grass Roots Landscaping
truegreenlandscape.com,landscaping,True Green Landscape
perfectlawncare.com,landscaping,Perfect Lawn Care
sunrisegrounds.com,landscaping,Sunrise Grounds
maintenancepros.com,landscaping,Maintenance Pros
bladelawncare.com,landscaping,Blade Lawn Care
greenergroundslandscaping.com,landscaping,Greener Grounds
naturalgreenlawn.com,landscaping,Natural Green Lawn
classiclandscaping.com,landscaping,Classic Landscaping
brightonlandscaping.com,landscaping,Brighton Landscaping
absoluteconstruction.com,contractor,Absolute Construction
acmeconstruction.com,contractor,Acme Construction
actionbuilders.com,contractor,Action Builders
aegisbuilders.com,contractor,Aegis Builders
affordablebuilders.com,contractor,Affordable Builders
agilebuilders.com,contractor,Agile Builders
alliedbuilders.com,contractor,Allied Builders
alphabuilders.com,contractor,Alpha Builders
americanbuilders.com,contractor,American Builders
anchorbuilders.com,contractor,Anchor Builders
apexconstruction.com,contractor,Apex Construction
arcadiaconstruction.com,contractor,Arcadia Construction
armstrongconstruction.com,contractor,Armstrong Construction
arrowconstruction.com,contractor,Arrow Construction
atlasconstruction.com,contractor,Atlas Construction
smiledentistry.com,dental,Smile Dentistry
familydentistrycare.com,dental,Family Dentistry Care
moderndentalgroup.com,dental,Modern Dental Group
brightersmiledental.com,dental,Brighter Smile Dental
completedentistry.com,dental,Complete Dentistry
advanceddentalcare.com,dental,Advanced Dental Care
clearwaterdental.com,dental,Clearwater Dental
summitdental.com,dental,Summit Dental
harborviewdental.com,dental,Harbor View Dental
pinnaclefamilydental.com,dental,Pinnacle Family Dental
precisionautorepair.com,auto,Precision Auto Repair
eliteautoservice.com,auto,Elite Auto Service
masterautotech.com,auto,Master Auto Tech
fixitfastautomotive.com,auto,Fix It Fast Automotive
sunriseauto.com,auto,Sunrise Auto
libertyautorepair.com,auto,Liberty Auto Repair
capitalauto.com,auto,Capital Auto
premierautocare.com,auto,Premier Auto Care
firstchoiceauto.com,auto,First Choice Auto
allphasesauto.com,auto,All Phases Auto
orkinpest.com,pest_control,Orkin Pest Control
terminix.com,pest_control,Terminix
pestcontrolking.com,pest_control,Pest Control King
greenleafpest.com,pest_control,Greenleaf Pest Control
hawkpestcontrol.com,pest_control,Hawk Pest Control
naturalpestcontrol.com,pest_control,Natural Pest Control
eaglepestcontrol.com,pest_control,Eagle Pest Control
aarrowpestcontrol.com,pest_control,Aarrow Pest Control
abcpest.com,pest_control,ABC Pest Control
acepestcontrol.com,pest_control,Ace Pest Control
powerhouseelectrical.com,electrician,Powerhouse Electrical
acelectricalservices.com,electrician,AC Electrical Services
allcityelectric.com,electrician,All City Electric
americanelectricalcontractors.com,electrician,American Electrical
arrowelectric.com,electrician,Arrow Electric
atlaselectric.com,electrician,Atlas Electric
brightelectric.com,electrician,Bright Electric
capitalelectric.com,electrician,Capital Electric
certifiedelectrical.com,electrician,Certified Electrical
classicelectrical.com,electrician,Classic Electrical
creativefinancialgroup.com,financial,Creative Financial Group
advisorsexcel.com,financial,Advisors Excel
financialguide.com,financial,Financial Guide
wealthsolutions.com,financial,Wealth Solutions
prosperityfinancial.com,financial,Prosperity Financial
independentfinancialgroup.com,financial,Independent Financial Group
summitfinancial.com,financial,Summit Financial
harborfinancial.com,financial,Harbor Financial
elitefinancialadvisors.com,financial,Elite Financial Advisors
capitolfinancial.com,financial,Capitol Financial
